,mutant,kuleshov-group/caduceus-ps_seqlen-131k_d_model-256_n_layer-16
0,A10G,0.20699501037597656
1,C15T,0.14554691314697266
2,G20A,2.6707491874694824
3,T25C,0.030969619750976562
