Sequence_ID,Pair,Sum LLR,Type
7,C97A - C98A,4.759909212589264,Beneficial
7,C58A - C98T,4.766021728515625,Beneficial
7,C58A - C97T,4.76930046081543,Beneficial
7,A57A - C98T,4.784247398376465,Beneficial
7,A57A - C97T,4.7875261306762695,Beneficial
7,C58T - C98T,4.844702780246735,Beneficial
7,C58T - C97T,4.847981512546539,Beneficial
7,C97A - C98T,4.878561556339264,Beneficial
7,C97T - C98A,4.903560638427734,Beneficial
7,C97T - C98T,5.022212982177734,Beneficial
7,G69C - T70C,-5.7560625076293945,Deleterious
7,T70C - C95G,-5.722315669059753,Deleterious
7,C4C - T70C,-5.701014876365662,Deleterious
7,A46C - T70C,-5.651973485946655,Deleterious
7,T70C - C92G,-5.601356148719788,Deleterious
7,C4G - T70C,-5.584283471107483,Deleterious
7,G69C - C95G,-5.567848086357117,Deleterious
7,T29C - T70C,-5.553816735744476,Deleterious
7,C4C - G69C,-5.546547293663025,Deleterious
7,T70C - C96G,-5.5408172607421875,Deleterious
