,mutant,facebook/esm2_t12_35M_UR50D
0,T2B,-9.174388885498047
1,I3A,-0.3640871047973633
2,A5M,-0.5782392024993896
