Sequence_ID,Pair,Sum LLR,Type
sp|O95905|ECD_HUMAN,W55E - V92D,5.328797936439514,Beneficial
sp|O95905|ECD_HUMAN,W55K - V92E,5.380306005477905,Beneficial
sp|O95905|ECD_HUMAN,W55K - Y93E,5.392173528671265,Beneficial
sp|O95905|ECD_HUMAN,M49E - W55K,5.498306751251221,Beneficial
sp|O95905|ECD_HUMAN,W55E - W89D,5.564015865325928,Beneficial
sp|O95905|ECD_HUMAN,W55K - W89K,5.597105622291565,Beneficial
sp|O95905|ECD_HUMAN,W55K - V92D,5.5996787548065186,Beneficial
sp|O95905|ECD_HUMAN,W55E - W89E,5.682044863700867,Beneficial
sp|O95905|ECD_HUMAN,W55K - W89D,5.834896683692932,Beneficial
sp|O95905|ECD_HUMAN,W55K - W89E,5.952925682067871,Beneficial
sp|O95905|ECD_HUMAN,M1C - E33C,-11.244184091687202,Deleterious
sp|O95905|ECD_HUMAN,M1W - E33C,-11.195015504956245,Deleterious
sp|O95905|ECD_HUMAN,M1H - E33C,-10.856252267956734,Deleterious
sp|O95905|ECD_HUMAN,M1C - E33W,-10.540546014904976,Deleterious
sp|O95905|ECD_HUMAN,M1W - E33W,-10.491377428174019,Deleterious
sp|O95905|ECD_HUMAN,M1Q - E33C,-10.440988138318062,Deleterious
sp|O95905|ECD_HUMAN,M1C - D29C,-10.345526292920113,Deleterious
sp|O95905|ECD_HUMAN,M1W - D29C,-10.296357706189156,Deleterious
sp|O95905|ECD_HUMAN,M1C - K37C,-10.156079724431038,Deleterious
sp|O95905|ECD_HUMAN,M1H - E33W,-10.152614191174507,Deleterious
